Title,Date
"Black Mirror: Season 5: Smithereens","08/06/2019"
"Black Mirror: Season 5: Striking Vipers","08/06/2019"
"Money Heist: Part 1: Episode 1","05/06/2019"
"The Great Gatsby","30/05/2019"
"WHAT / IF: Part I: Pilot","27/05/2019"
"Norsemen: Season 2: The Thing","26/05/2019"
"Norsemen: Season 2: Vengeance","26/05/2019"
"Norsemen: Season 2: Hand Job","11/05/2019"
"Chambers: Season 1: 2 for 1","10/05/2019"
"Chambers: Season 1: Bad Inside","06/05/2019"
"Norsemen: Season 2: Slavebound","06/05/2019"
"Norsemen: Season 2: East vs West","06/05/2019"
"Chambers: Season 1: Right to Know","06/05/2019"
"Chambers: Season 1: Into the Void","05/05/2019"
"Norsemen: Season 1: The Duel","04/05/2019"
"Norsemen: Season 1: The Siege","04/05/2019"
"Norsemen: Season 1: The Raid","27/04/2019"
"Norsemen: Season 1: The Funeral","27/04/2019"
"Norsemen: Season 1: The Escape","21/04/2019"
"Norsemen: Season 1: The Homecoming","21/04/2019"
"Split","20/04/2019"
"The Umbrella Academy: Season 1: Run Boy Run","11/04/2019"
"The Umbrella Academy: Season 1: We Only See Each Other at Weddings and Funerals","08/04/2019"
"Dark Net: Season 1: Crush","07/04/2019"
"Our Planet: Season 1: One Planet","07/04/2019"
"The Umbrella Academy: Season 1: The White Violin","05/04/2019"
"The Boy in the Striped Pyjamas","02/04/2019"
"Dark: Season 1: Alpha and Omega","31/03/2019"
"Dark: Season 1: Everything Is Now","31/03/2019"
"Dark: Season 1: As You Sow, so You Shall Reap","31/03/2019"
"Dark: Season 1: Crossroads","31/03/2019"
"Dark: Season 1: Sic Mundus Creatus Est","31/03/2019"
"Dark: Season 1: Truths","30/03/2019"
"Dark: Season 1: Double Lives","30/03/2019"
"Dark: Season 1: Past and Present","25/03/2019"
"Dark: Season 1: Lies","25/03/2019"
"Dark: Season 1: Secrets","24/03/2019"
"Queer Eye: Season 3: From Hunter to Huntee","24/03/2019"
"Dirty John: The Dirty Truth","24/03/2019"
"Dirty John: Season 1: This Young Woman Fought Like Hell","23/03/2019"
"Dirty John: Season 1: Chivalry","23/03/2019"
"Dirty John: Season 1: One Shoe","23/03/2019"
"Dirty John: Season 1: Lord High Executioner","23/03/2019"
"Dirty John: Season 1: Red Flags and Parades","23/03/2019"
"Dirty John: Season 1: Shrapnel","22/03/2019"
"Dirty John: Season 1: Remember It Was Me","22/03/2019"
"Dirty John: Season 1: Approachable Dreams","21/03/2019"
"The Disappearance of Madeleine McCann: Season 1: Pact of Silence","18/03/2019"
"The Disappearance of Madeleine McCann: Season 1: Person of Interest","18/03/2019"
"Abducted in Plain Sight","17/03/2019"
"Russian Doll: Season 1: Nothing in This World Is Easy","17/03/2019"
"Russian Doll: Season 1: Ariadne","17/03/2019"
"Russian Doll: Season 1: The Way Out","17/03/2019"
"Russian Doll: Season 1: Reflection","17/03/2019"
"Russian Doll: Season 1: Superiority Complex","17/03/2019"
"Russian Doll: Season 1: Alan's Routine","17/03/2019"
"Russian Doll: Season 1: A Warm Body","17/03/2019"
"Russian Doll: Season 1: The Great Escape","16/03/2019"
"The Disappearance of Madeleine McCann: Season 1: The Beneath Truth","15/03/2019"
"Abstract: The Art of Design: Season 1: Christoph Niemann: Illustration","13/03/2019"
"The Crown: Season 2: Mystery Man","11/03/2019"
"The Crown: Season 2: Paterfamilias","10/03/2019"
"The Crown: Season 2: Dear Mrs. Kennedy","10/03/2019"
"The Crown: Season 2: Vergangenheit","10/03/2019"
"The Crown: Season 2: Matrimonium","09/03/2019"
"The Crown: Season 2: Marionettes","09/03/2019"
"The Crown: Season 2: Beryl","09/03/2019"
"The Crown: Season 2: Lisbon","09/03/2019"
"Little Britain: Series 3: Christmas Special: Part 2","09/03/2019"
"Little Britain: Series 3: Christmas Special: Part 1","09/03/2019"
"The Crown: Season 2: A Company of Men","08/03/2019"
"The Crown: Season 2: Misadventure","08/03/2019"
"The Crown: Season 1: Gloriana","08/03/2019"
"The Crown: Season 1: Assassins","07/03/2019"
"Little Britain: Series 3: Episode 6","07/03/2019"
"The Crown: Season 1: Pride & Joy","06/03/2019"
"The Crown: Season 1: Scientia Potentia Est","06/03/2019"
"Little Britain: Series 3: Episode 5","06/03/2019"
"Little Britain: Series 3: Episode 4","06/03/2019"
"Little Britain: Series 3: Episode 3","06/03/2019"
"The Crown: Season 1: Gelignite","04/03/2019"
"The Crown: Season 1: Smoke and Mirrors","04/03/2019"
"Little Britain: Series 3: Episode 2","04/03/2019"
"Little Britain: Series 3: Episode 1","04/03/2019"
"Little Britain: Series 2: Episode 6","04/03/2019"
"Little Britain: Series 2: Episode 5","04/03/2019"
"Little Britain: Series 2: Episode 4","04/03/2019"
"Little Britain: Series 2: Episode 3","04/03/2019"
"The Crown: Season 1: Act of God","03/03/2019"
"Little Britain: Series 2: Episode 2","03/03/2019"
"The Crown: Season 1: Windsor","03/03/2019"
"The Crown: Season 1: Hyde Park Corner","03/03/2019"
"The Crown: Season 1: Wolferton Splash","03/03/2019"
"Money Heist: Part 2: Episode 9","03/03/2019"
"Little Britain: Series 2: Episode 1","03/03/2019"
"Little Britain: Series 1: Episode 8","03/03/2019"
"Little Britain: Series 1: Episode 7","02/03/2019"
"Little Britain: Series 1: Episode 6","02/03/2019"
"Little Britain: Series 1: Episode 5","02/03/2019"
"Little Britain: Series 1: Episode 4","02/03/2019"
"Little Britain: Series 1: Episode 3","02/03/2019"
"Little Britain: Series 1: Episode 2","02/03/2019"
"Money Heist: Part 2: Episode 8","02/03/2019"
"Money Heist: Part 2: Episode 7","01/03/2019"
"Money Heist: Part 2: Episode 6","01/03/2019"
"Money Heist: Part 2: Episode 5","27/02/2019"
"Money Heist: Part 2: Episode 4","26/02/2019"
"Money Heist: Part 2: Episode 3","26/02/2019"
"Money Heist: Part 2: Episode 2","24/02/2019"
"Money Heist: Part 2: Episode 1","24/02/2019"
"Little Britain: Series 1: Episode 1","24/02/2019"
"Money Heist: Part 1: Episode 13","23/02/2019"
"Money Heist: Part 1: Episode 12","23/02/2019"
"Money Heist: Part 1: Episode 11","22/02/2019"
"Money Heist: Part 1: Episode 10","22/02/2019"
"Money Heist: Part 1: Episode 9","17/02/2019"
"Black Mirror: Bandersnatch","17/02/2019"
"Money Heist: Part 1: Episode 8","17/02/2019"
"Money Heist: Part 1: Episode 7","17/02/2019"
"Money Heist: Part 1: Episode 6","17/02/2019"
"Money Heist: Part 1: Episode 5","16/02/2019"
"Money Heist: Part 1: Episode 4","16/02/2019"
"Money Heist: Part 1: Episode 3","14/02/2019"
"Money Heist: Part 1: Episode 2","14/02/2019"
"Lion","14/02/2019"
"High Flying Bird","10/02/2019"
"Luther: Series 4: Episode 1","10/02/2019"
"Luther: Series 4: Episode 2","10/02/2019"
"Luther: Series 3: Episode 4","10/02/2019"
"Inside the Mossad: Season 1: In poison, bomb or silencer","10/02/2019"
"Luther: Series 3: Episode 3","09/02/2019"
"Luther: Series 3: Episode 2","07/02/2019"
"Luther: Series 3: Episode 1","03/02/2019"
"Luther: Series 2: Episode 4","02/02/2019"
"Luther: Series 2: Episode 3","02/02/2019"
"Luther: Series 2: Episode 2","02/02/2019"
"The Sinner: The Sinner: Julian: Part VIII","27/01/2019"
"The Sinner: The Sinner: Julian: Part VII","27/01/2019"
"Luther: Series 2: Episode 1","26/01/2019"
"Back with the Ex: Season 1: Episode 1","26/01/2019"
"Hannibal: Season 1: Amuse-bouche","26/01/2019"
"Hannibal: Season 1: Apéritif","26/01/2019"
"Luther: Series 1: Episode 6","26/01/2019"
"Luther: Series 1: Episode 5","26/01/2019"
"Luther: Series 1: Episode 4","25/01/2019"
"Luther: Series 1: Episode 3","23/01/2019"
"Luther: Series 1: Episode 2","23/01/2019"
"Luther: Series 1: Episode 1","23/01/2019"
"The Sinner: The Sinner: Julian: Part VI","19/01/2019"
"The Sinner: The Sinner: Julian: Part V","19/01/2019"
"The Sinner: The Sinner: Julian: Part IV","19/01/2019"
"The Sinner: The Sinner: Julian: Part III","19/01/2019"
"The Sinner: The Sinner: Julian: Part II","13/01/2019"
"The Sinner: The Sinner: Julian: Part I","13/01/2019"
"The Sinner: The Sinner: Cora: Part VIII","12/01/2019"
"The Sinner: The Sinner: Cora: Part VII","12/01/2019"
"The Sinner: The Sinner: Cora: Part VI","12/01/2019"
"The Sinner: The Sinner: Cora: Part V","12/01/2019"
"The Story of God with Morgan Freeman: Season 1: The Power of Miracles","12/01/2019"
"The Story of God with Morgan Freeman: Season 1: Why Does Evil Exist?","12/01/2019"
"The Sinner: The Sinner: Cora: Part IV","10/01/2019"
"The Sinner: The Sinner: Cora: Part III","09/01/2019"
"The Sinner: The Sinner: Cora: Part II","09/01/2019"
"The Sinner: The Sinner: Cora: Part I","09/01/2019"
"The Story of God with Morgan Freeman: Season 1: Who Is God?","08/01/2019"
"The Story of God with Morgan Freeman: Season 1: Creation","08/01/2019"
"Explained: Season 1: Can We Live Forever?","06/01/2019"
"Explained: Season 1: The Female Orgasm","06/01/2019"
"Bird Box","06/01/2019"
"Explained: Season 1: Music","05/01/2019"
"The Story of God with Morgan Freeman: Season 1: Apocalypse","04/01/2019"
"Ellen DeGeneres: Relatable: Special: Relatable","01/01/2019"
"You: Season 1: Bluebeard's Castle","01/01/2019"
"You: Season 1: Candace","31/12/2018"
"You: Season 1: You Got Me, Babe","31/12/2018"
"You: Season 1: Pilot","31/12/2018"
"The Story of God with Morgan Freeman: Season 1: Beyond Death","30/12/2018"
"You: Season 1: Everythingship","30/12/2018"
"You: Season 1: Amour Fou","30/12/2018"
"You: Season 1: Living with the Enemy","30/12/2018"
"Dark Tourist: Season 1: Europe","30/12/2018"
"The Evolution of Us: Season 1: How Did We Get Here?","20/12/2018"
"The Art of Loving","14/12/2018"
"Life: Challenges of Life","09/12/2018"
"Planet Earth II: Islands","09/12/2018"
"The Final Table: Season 1: The Finale","08/12/2018"
"The Final Table: Season 1: France","08/12/2018"
"The Final Table: Season 1: Japan","02/12/2018"
"The Final Table: Season 1: Italy","02/12/2018"
"How It Ends","02/12/2018"
"The Final Table: Season 1: USA","25/11/2018"
"The Final Table: Season 1: India","25/11/2018"
"Before We Go","25/11/2018"
"The Final Table: Season 1: Brazil","25/11/2018"
"The Final Table: Season 1: UK","25/11/2018"
"Inside Russias Toughest Prison","24/11/2018"
"The Hangover","24/11/2018"
"Passengers","24/11/2018"
"The Girl on the Train","24/11/2018"
"Brain on Fire","24/11/2018"
"The Final Table: Season 1: Spain","24/11/2018"
"The Final Table: Season 1: Mexico","24/11/2018"
"The Notebook","19/11/2018"
"Operation Finale","10/11/2018"
"Chef's Table: Volume 5: Musa Dağdeviren","09/11/2018"
"What the Health","05/11/2018"
"Trevor Noah: Afraid of the Dark","03/11/2018"
"Set It Up","03/11/2018"
"22 July","28/10/2018"
"Chef's Table: Volume 5: Cristina Martínez","28/10/2018"
"Louis Theroux: Collection: Louis and the Nazis","23/10/2018"
"You Laugh But It's True","23/10/2018"
"Peaky Blinders: Season 1: Episode 1","23/10/2018"
"Unacknowledged","23/10/2018"
"Louis Theroux: Collection: Louis and the Brothel","23/10/2018"
"Ozark: Season 1: My Dripping Sleep","20/10/2018"
"Ozark: Season 1: Blue Cat","20/10/2018"
"Ozark: Season 1: Sugarwood","18/10/2018"
